{
    "macros": [
        "MBEDTLS_USER_CONFIG_FILE=\"bootloader_mbedtls_user_config.h\"",
        "SHOW_PROGRESS_BAR=0",
        "MAX_COPY_RETRIES=1",
        "MAX_BOOT_RETRIES=3",
        "ARM_BOOTLOADER_USE_NVSTORE_ROT=1",
        "ARM_UC_USE_PAL_CRYPTO=0",
        "ARM_UC_USE_PAL_BLOCKDEVICE=1",
        "ARM_UC_PAAL_TRACE_ENABLE=0",
        "ARM_UC_PROFILE_MBED_CLOUD_CLIENT=1",
        "ARM_UC_FEATURE_CRYPTO_PAL=0",
        "ARM_UC_FEATURE_CRYPTO_MBEDTLS=1",
        "MBED_CLOUD_CLIENT_UPDATE_STORAGE=ARM_UCP_FLASHIAP_BLOCKDEVICE",
        "DEFAULT_MAX_APPLICATION_SIZE=(MBED_CONF_APP_FLASH_START_ADDRESS + MBED_CONF_APP_FLASH_SIZE - MBED_CONF_APP_APPLICATION_START_ADDRESS - NVSTORE_AREA_1_SIZE - NVSTORE_AREA_2_SIZE)",
        "DISABLE_ERROR_DESCRIPTION=1",
        "Mutex=PlatformMutex"
    ],
    "config": {
        "application-start-address": {
            "help": "Address to the beginning of the active application firmware in flash",
            "value": null
        },
        "application-jump-address": {
            "help": "Jump address for running the active application firmware",
            "value": null
        },
        "max-application-size": {
            "help": "Maximum size of the active application",
            "value": null
        },
        "flash-start-address": {
            "help": "Start address of internal flash. Only used in this config to help the definition of other macros.",
            "value": null
        },
        "flash-size": {
            "help": "Total size of internal flash. Only used in this config to help the definition of other macros.",
            "value": null
        }
    },
    "target_overrides": {
        "*": {
            "target.features_remove"           : ["LWIP"],
            "target.features_add"              : ["COMMON_PAL"],
            "target.extra_labels_remove"       : ["PSA"],
            "target.components_remove"         : ["FLASHIAP"],
            "platform.stdio-baud-rate"         : 115200,
            "platform.stdio-flush-at-exit"     : false
        },
        "K64F": {
            "target.components_add"            : ["SD"],
            "flash-start-address"              : "0x0",
            "flash-size"                       : "(1024*1024)",
            "nvstore.area_1_address"           : "(MBED_CONF_APP_FLASH_START_ADDRESS + MBED_CONF_APP_FLASH_SIZE - 2*(4*1024))",
            "nvstore.area_1_size"              : "(4*1024)",
            "nvstore.area_2_address"           : "(MBED_CONF_APP_FLASH_START_ADDRESS + MBED_CONF_APP_FLASH_SIZE - 1*(4*1024))",
            "nvstore.area_2_size"              : "(4*1024)",
            "update-client.storage-address"    : "(64*1024*1024)",
            "update-client.storage-size"       : "(2*1024*1024)",
            "update-client.storage-locations"  : 1,
            "update-client.firmware-header-version": "2",
            "update-client.application-details": "(MBED_CONF_APP_FLASH_START_ADDRESS + 64*1024)",
            "application-start-address"        : "(MBED_CONF_APP_FLASH_START_ADDRESS + 65*1024)",
            "max-application-size"             : "DEFAULT_MAX_APPLICATION_SIZE"
        },
        "K66F": {
            "target.components_add"            : ["SD"],
            "flash-start-address"              : "0x0",
            "flash-size"                       : "(2048*1024)",
            "nvstore.area_1_address"           : "(MBED_CONF_APP_FLASH_START_ADDRESS + MBED_CONF_APP_FLASH_SIZE - 2*(4*1024))",
            "nvstore.area_1_size"              : "(4*1024)",
            "nvstore.area_2_address"           : "(MBED_CONF_APP_FLASH_START_ADDRESS + MBED_CONF_APP_FLASH_SIZE - 1*(4*1024))",
            "nvstore.area_2_size"              : "(4*1024)",
            "update-client.storage-address"    : "(64*1024*1024)",
            "update-client.storage-size"       : "(2*1024*1024)",
            "update-client.storage-locations"  : 1,
            "update-client.firmware-header-version": "2",
            "update-client.application-details": "(MBED_CONF_APP_FLASH_START_ADDRESS + 64*1024)",
            "application-start-address"        : "(MBED_CONF_APP_FLASH_START_ADDRESS + 65*1024)",
            "max-application-size"             : "DEFAULT_MAX_APPLICATION_SIZE"
        },
        "NUCLEO_F412ZG": {
            "target.components_add"            : ["SD"],
            "sd.SPI_MOSI"                      : "D11",
            "sd.SPI_MISO"                      : "D12",
            "sd.SPI_CLK"                       : "D13",
            "sd.SPI_CS"                        : "D10",
            "flash-start-address"              : "0x08000000",
            "flash-size"                       : "(1024*1024)",
            "nvstore.area_1_address"           : "(MBED_CONF_APP_FLASH_START_ADDRESS + MBED_CONF_APP_FLASH_SIZE - 2*(128*1024))",
            "nvstore.area_1_size"              : "(128*1024)",
            "nvstore.area_2_address"           : "(MBED_CONF_APP_FLASH_START_ADDRESS + MBED_CONF_APP_FLASH_SIZE - 1*(128*1024))",
            "nvstore.area_2_size"              : "(128*1024)",
            "update-client.storage-address"    : "(64*1024*1024)",
            "update-client.storage-size"       : "(2*1024*1024)",
            "update-client.storage-locations"  : 1,
            "update-client.firmware-header-version": "2",
            "update-client.application-details": "(MBED_CONF_APP_FLASH_START_ADDRESS + 64*1024)",
            "application-start-address"        : "(MBED_CONF_APP_FLASH_START_ADDRESS + 65*1024)",
            "max-application-size"             : "DEFAULT_MAX_APPLICATION_SIZE"
        },
        "NUCLEO_F429ZI": {
            "target.components_add"            : ["SD"],
            "sd.SPI_MOSI"                      : "PC_12",
            "sd.SPI_MISO"                      : "PC_11",
            "sd.SPI_CLK"                       : "PC_10",
            "sd.SPI_CS"                        : "PC_9",
            "flash-start-address"              : "0x08000000",
            "flash-size"                       : "(2048*1024)",
            "nvstore.area_1_address"           : "(MBED_CONF_APP_FLASH_START_ADDRESS + MBED_CONF_APP_FLASH_SIZE - 2*(128*1024))",
            "nvstore.area_1_size"              : "(128*1024)",
            "nvstore.area_2_address"           : "(MBED_CONF_APP_FLASH_START_ADDRESS + MBED_CONF_APP_FLASH_SIZE - 1*(128*1024))",
            "nvstore.area_2_size"              : "(128*1024)",
            "update-client.storage-address"    : "(64*1024*1024)",
            "update-client.storage-size"       : "(2*1024*1024)",
            "update-client.storage-locations"  : 1,
            "update-client.firmware-header-version": "2",
            "update-client.application-details": "(MBED_CONF_APP_FLASH_START_ADDRESS + 64*1024)",
            "application-start-address"        : "(MBED_CONF_APP_FLASH_START_ADDRESS + 65*1024)",
            "max-application-size"             : "DEFAULT_MAX_APPLICATION_SIZE"
        },
        "NUCLEO_F767ZI": {
            "target.components_add"            : ["SD"],
            "sd.SPI_MOSI"                      : "PC_12",
            "sd.SPI_MISO"                      : "PC_11",
            "sd.SPI_CLK"                       : "PC_10",
            "sd.SPI_CS"                        : "PC_9",
            "flash-start-address"              : "0x08000000",
            "flash-size"                       : "(2048*1024)",
            "nvstore.area_1_address"           : "(MBED_CONF_APP_FLASH_START_ADDRESS + MBED_CONF_APP_FLASH_SIZE - 2*(256*1024))",
            "nvstore.area_1_size"              : "(256*1024)",
            "nvstore.area_2_address"           : "(MBED_CONF_APP_FLASH_START_ADDRESS + MBED_CONF_APP_FLASH_SIZE - 1*(256*1024))",
            "nvstore.area_2_size"              : "(256*1024)",
            "update-client.storage-address"    : "(64*1024*1024)",
            "update-client.storage-size"       : "(2*1024*1024)",
            "update-client.storage-locations"  : 1,
            "update-client.firmware-header-version": "2",
            "update-client.application-details": "(MBED_CONF_APP_FLASH_START_ADDRESS + 64*1024)",
            "application-start-address"        : "(MBED_CONF_APP_FLASH_START_ADDRESS + 65*1024)",
            "max-application-size"             : "DEFAULT_MAX_APPLICATION_SIZE"
        },
        "NUCLEO_F746ZG": {
            "target.components_add"            : ["SD"],
            "sd.SPI_MOSI"                      : "PC_12",
            "sd.SPI_MISO"                      : "PC_11",
            "sd.SPI_CLK"                       : "PC_10",
            "sd.SPI_CS"                        : "PC_9",
            "flash-start-address"              : "0x08000000",
            "flash-size"                       : "(1024*1024)",
            "nvstore.area_1_address"           : "(MBED_CONF_APP_FLASH_START_ADDRESS + MBED_CONF_APP_FLASH_SIZE - 2*(256*1024))",
            "nvstore.area_1_size"              : "(256*1024)",
            "nvstore.area_2_address"           : "(MBED_CONF_APP_FLASH_START_ADDRESS + MBED_CONF_APP_FLASH_SIZE - 1*(256*1024))",
            "nvstore.area_2_size"              : "(256*1024)",
            "update-client.storage-address"    : "(64*1024*1024)",
            "update-client.storage-size"       : "(2*1024*1024)",
            "update-client.storage-locations"  : 1,
            "update-client.firmware-header-version": "2",
            "update-client.application-details": "(MBED_CONF_APP_FLASH_START_ADDRESS + 64*1024)",
            "application-start-address"        : "(MBED_CONF_APP_FLASH_START_ADDRESS + 65*1024)",
            "max-application-size"             : "DEFAULT_MAX_APPLICATION_SIZE"
        },
        "NUCLEO_F207ZG": {
            "target.components_add"            : ["SD"],
            "sd.SPI_MOSI"                      : "PC_12",
            "sd.SPI_MISO"                      : "PC_11",
            "sd.SPI_CLK"                       : "PC_10",
            "sd.SPI_CS"                        : "PC_9",
            "flash-start-address"              : "0x08000000",
            "flash-size"                       : "(1024*1024)",
            "nvstore.area_1_address"           : "(MBED_CONF_APP_FLASH_START_ADDRESS + MBED_CONF_APP_FLASH_SIZE - 2*(128*1024))",
            "nvstore.area_1_size"              : "(128*1024)",
            "nvstore.area_2_address"           : "(MBED_CONF_APP_FLASH_START_ADDRESS + MBED_CONF_APP_FLASH_SIZE - 1*(128*1024))",
            "nvstore.area_2_size"              : "(128*1024)",
            "update-client.storage-address"    : "(64*1024*1024)",
            "update-client.storage-size"       : "(2*1024*1024)",
            "update-client.storage-locations"  : 1,
            "update-client.firmware-header-version": "2",
            "update-client.application-details": "(MBED_CONF_APP_FLASH_START_ADDRESS + 64*1024)",
            "application-start-address"        : "(MBED_CONF_APP_FLASH_START_ADDRESS + 65*1024)",
            "max-application-size"             : "DEFAULT_MAX_APPLICATION_SIZE"
        },
        "NUCLEO_L4R5ZI": {
            "target.components_add"            : ["SD"],
            "sd.SPI_MOSI"                      : "D11",
            "sd.SPI_MISO"                      : "D12",
            "sd.SPI_CLK"                       : "D13",
            "sd.SPI_CS"                        : "D10",
            "flash-start-address"              : "0x08000000",
            "flash-size"                       : "(2*1024*1024)",
            "nvstore.area_1_address"           : "(MBED_CONF_APP_FLASH_START_ADDRESS + MBED_CONF_APP_FLASH_SIZE - 2*(128*1024))",
            "nvstore.area_1_size"              : "(128*1024)",
            "nvstore.area_2_address"           : "(MBED_CONF_APP_FLASH_START_ADDRESS + MBED_CONF_APP_FLASH_SIZE - 1*(128*1024))",
            "nvstore.area_2_size"              : "(128*1024)",
            "update-client.storage-address"    : "(64*1024*1024)",
            "update-client.storage-size"       : "(2*1024*1024)",
            "update-client.storage-locations"  : 1,
            "update-client.firmware-header-version": "2",
            "update-client.application-details": "(MBED_CONF_APP_FLASH_START_ADDRESS + 64*1024)",
            "application-start-address"        : "(MBED_CONF_APP_FLASH_START_ADDRESS + 65*1024)",
            "max-application-size"             : "DEFAULT_MAX_APPLICATION_SIZE"
        },
        "NUCLEO_L476RG": {
            "target.components_add"            : ["SD"],
            "sd.SPI_MOSI"                      : "D11",
            "sd.SPI_MISO"                      : "D12",
            "sd.SPI_CLK"                       : "D13",
            "sd.SPI_CS"                        : "D10",
            "flash-start-address"              : "0x08000000",
            "flash-size"                       : "(1024*1024)",
            "nvstore.area_1_address"           : "(MBED_CONF_APP_FLASH_START_ADDRESS + MBED_CONF_APP_FLASH_SIZE - 2*(128*1024))",
            "nvstore.area_1_size"              : "(128*1024)",
            "nvstore.area_2_address"           : "(MBED_CONF_APP_FLASH_START_ADDRESS + MBED_CONF_APP_FLASH_SIZE - 1*(128*1024))",
            "nvstore.area_2_size"              : "(128*1024)",
            "update-client.application-details": "(MBED_CONF_APP_FLASH_START_ADDRESS + 64*1024)",
            "application-start-address"        : "(MBED_CONF_APP_FLASH_START_ADDRESS + 65*1024)",
            "max-application-size"             : "DEFAULT_MAX_APPLICATION_SIZE"
        },
        "NUCLEO_L496ZG": {
            "target.components_add"            : ["SD"],
            "sd.SPI_MOSI"                      : "D11",
            "sd.SPI_MISO"                      : "D12",
            "sd.SPI_CLK"                       : "D13",
            "sd.SPI_CS"                        : "D10",
            "flash-start-address"              : "0x08000000",
            "flash-size"                       : "(1024*1024)",
            "nvstore.area_1_address"           : "(MBED_CONF_APP_FLASH_START_ADDRESS + MBED_CONF_APP_FLASH_SIZE - 2*(2*1024))",
            "nvstore.area_1_size"              : "(2*1024)",
            "nvstore.area_2_address"           : "(MBED_CONF_APP_FLASH_START_ADDRESS + MBED_CONF_APP_FLASH_SIZE - 1*(2*1024))",
            "nvstore.area_2_size"              : "(2*1024)",
            "update-client.storage-address"    : "(2*1024*1024)",
            "update-client.storage-size"       : "(2*1024*1024)",
            "update-client.storage-locations"  : 1,
            "update-client.firmware-header-version": "2",
            "update-client.application-details": "(MBED_CONF_APP_FLASH_START_ADDRESS + 64*1024)",
            "application-start-address"        : "(MBED_CONF_APP_FLASH_START_ADDRESS + 65*1024)",
            "max-application-size"             : "DEFAULT_MAX_APPLICATION_SIZE"
        },
        "DISCO_L475VG_IOT01A": {
            "target.components_add"            : ["QSPIF"],
            "flash-start-address"              : "0x08000000",
            "flash-size"                       : "(1024*1024)",
            "nvstore.area_1_address"           : "(MBED_CONF_APP_FLASH_START_ADDRESS + MBED_CONF_APP_FLASH_SIZE - 2*(2*1024))",
            "nvstore.area_1_size"              : "(2*1024)",
            "nvstore.area_2_address"           : "(MBED_CONF_APP_FLASH_START_ADDRESS + MBED_CONF_APP_FLASH_SIZE - 1*(2*1024))",
            "nvstore.area_2_size"              : "(2*1024)",
            "update-client.storage-address"    : "(2*1024*1024)",
            "update-client.storage-size"       : "(2*1024*1024)",
            "update-client.storage-locations"  : 1,
            "update-client.firmware-header-version": "2",
            "update-client.application-details": "(MBED_CONF_APP_FLASH_START_ADDRESS + 64*1024)",
            "application-start-address"        : "(MBED_CONF_APP_FLASH_START_ADDRESS + 65*1024)",
            "max-application-size"             : "DEFAULT_MAX_APPLICATION_SIZE"
        },
        "DISCO_L496AG": {
            "target.components_add"            : ["QSPIF"],
            "flash-start-address"              : "0x08000000",
            "flash-size"                       : "(1024*1024)",
            "nvstore.area_1_address"           : "(MBED_CONF_APP_FLASH_START_ADDRESS + MBED_CONF_APP_FLASH_SIZE - 2*(2*1024))",
            "nvstore.area_1_size"              : "(2*1024)",
            "nvstore.area_2_address"           : "(MBED_CONF_APP_FLASH_START_ADDRESS + MBED_CONF_APP_FLASH_SIZE - 1*(2*1024))",
            "nvstore.area_2_size"              : "(2*1024)",
            "update-client.storage-address"    : "(2*1024*1024)",
            "update-client.storage-size"       : "(2*1024*1024)",
            "update-client.storage-locations"  : 1,
            "update-client.firmware-header-version": "2",
            "update-client.application-details": "(MBED_CONF_APP_FLASH_START_ADDRESS + 64*1024)",
            "application-start-address"        : "(MBED_CONF_APP_FLASH_START_ADDRESS + 65*1024)",
            "max-application-size"             : "DEFAULT_MAX_APPLICATION_SIZE"
        },
        "DISCO_F413ZH": {
            "target.components_add"            : ["QSPIF"],
            "flash-start-address"              : "0x08000000",
            "flash-size"                       : "(1536*1024)",
            "nvstore.area_1_address"           : "(MBED_CONF_APP_FLASH_START_ADDRESS + MBED_CONF_APP_FLASH_SIZE - 2*(128*1024))",
            "nvstore.area_1_size"              : "(128*1024)",
            "nvstore.area_2_address"           : "(MBED_CONF_APP_FLASH_START_ADDRESS + MBED_CONF_APP_FLASH_SIZE - 1*(128*1024))",
            "nvstore.area_2_size"              : "(128*1024)",
            "update-client.storage-address"    : "(2*1024*1024)",
            "update-client.storage-size"       : "(2*1024*1024)",
            "update-client.storage-locations"  : 1,
            "update-client.firmware-header-version": "2",
            "update-client.application-details": "(MBED_CONF_APP_FLASH_START_ADDRESS + 64*1024)",
            "application-start-address"        : "(MBED_CONF_APP_FLASH_START_ADDRESS + 65*1024)",
            "max-application-size"             : "DEFAULT_MAX_APPLICATION_SIZE"
        },
        "DISCO_F469NI": {
            "target.components_add"            : ["QSPIF"],
            "target.components_remove"         : ["FLASHIAP"],
            "flash-start-address"              : "0x08000000",
            "flash-size"                       : "(2*1024*1024)",
            "nvstore.area_1_address"           : "(MBED_CONF_APP_FLASH_START_ADDRESS + MBED_CONF_APP_FLASH_SIZE - 2*(128*1024))",
            "nvstore.area_1_size"              : "(128*1024)",
            "nvstore.area_2_address"           : "(MBED_CONF_APP_FLASH_START_ADDRESS + MBED_CONF_APP_FLASH_SIZE - 1*(128*1024))",
            "nvstore.area_2_size"              : "(128*1024)",
            "update-client.application-details": "(MBED_CONF_APP_FLASH_START_ADDRESS+64*1024)",
            "application-start-address"        : "(MBED_CONF_APP_FLASH_START_ADDRESS+65*1024)",
            "max-application-size"             : "DEFAULT_MAX_APPLICATION_SIZE",
            "update-client.storage-address"    : "(1024*1024*2)",
            "update-client.storage-size"       : "(1024*1024*2)",
            "update-client.storage-locations"  : 1
        },
        "DISCO_F746NG": {
            "target.components_add"            : ["QSPIF"],
            "target.components_remove"         : ["FLASHIAP"],
            "flash-start-address"              : "0x08000000",
            "flash-size"                       : "(1024*1024)",
            "nvstore.area_1_address"           : "(MBED_CONF_APP_FLASH_START_ADDRESS + MBED_CONF_APP_FLASH_SIZE - 2*(256*1024))",
            "nvstore.area_1_size"              : "(256*1024)",
            "nvstore.area_2_address"           : "(MBED_CONF_APP_FLASH_START_ADDRESS + MBED_CONF_APP_FLASH_SIZE - 1*(256*1024))",
            "nvstore.area_2_size"              : "(256*1024)",
            "update-client.storage-address"    : "(2*1024*1024)",
            "update-client.storage-size"       : "(2*1024*1024)",
            "update-client.storage-locations"  : 1,
            "update-client.firmware-header-version": "2",
            "update-client.application-details": "(MBED_CONF_APP_FLASH_START_ADDRESS + 64*1024)",
            "application-start-address"        : "(MBED_CONF_APP_FLASH_START_ADDRESS + 65*1024)",
            "max-application-size"             : "DEFAULT_MAX_APPLICATION_SIZE"
        },
        "DISCO_F769NI": {
            "target.components_add"            : ["QSPIF"],
            "target.components_remove"         : ["FLASHIAP"],
            "flash-start-address"              : "0x08000000",
            "flash-size"                       : "(2*1024*1024)",
            "nvstore.area_1_address"           : "(MBED_CONF_APP_FLASH_START_ADDRESS + MBED_CONF_APP_FLASH_SIZE - 2*(256*1024))",
            "nvstore.area_1_size"              : "(256*1024)",
            "nvstore.area_2_address"           : "(MBED_CONF_APP_FLASH_START_ADDRESS + MBED_CONF_APP_FLASH_SIZE - 1*(256*1024))",
            "nvstore.area_2_size"              : "(256*1024)",
            "update-client.storage-address"    : "(2*1024*1024)",
            "update-client.storage-size"       : "(2*1024*1024)",
            "update-client.storage-locations"  : 1,
            "update-client.firmware-header-version": "2",
            "update-client.application-details": "(MBED_CONF_APP_FLASH_START_ADDRESS + 64*1024)",
            "application-start-address"        : "(MBED_CONF_APP_FLASH_START_ADDRESS + 65*1024)",
            "max-application-size"             : "DEFAULT_MAX_APPLICATION_SIZE"
        },
        "NUMAKER_PFM_NUC472": {
            "drivers.uart-serial-rxbuf-size"   : 1024,
            "drivers.uart-serial-txbuf-size"   : 1024,
            "flash-start-address"              : "0x0",
            "flash-size"                       : "(512*1024)",
            "nvstore.area_1_address"           : "(MBED_CONF_APP_FLASH_START_ADDRESS + MBED_CONF_APP_FLASH_SIZE - 2*(4*1024))",
            "nvstore.area_1_size"              : "(4*1024)",
            "nvstore.area_2_address"           : "(MBED_CONF_APP_FLASH_START_ADDRESS + MBED_CONF_APP_FLASH_SIZE - 1*(4*1024))",
            "nvstore.area_2_size"              : "(4*1024)",
            "update-client.storage-address"    : "(64*1024*1024)",
            "update-client.storage-size"       : "(2*1024*1024)",
            "update-client.storage-locations"  : 1,
            "update-client.firmware-header-version": "2",
            "update-client.application-details": "(MBED_CONF_APP_FLASH_START_ADDRESS + 64*1024)",
            "application-start-address"        : "(MBED_CONF_APP_FLASH_START_ADDRESS + 65*1024)",
            "max-application-size"             : "DEFAULT_MAX_APPLICATION_SIZE"
        },
        "NUMAKER_PFM_M487": {
            "drivers.uart-serial-rxbuf-size"   : 1024,
            "drivers.uart-serial-txbuf-size"   : 1024,
            "flash-start-address"              : "0x0",
            "flash-size"                       : "(512*1024)",
            "nvstore.area_1_address"           : "(MBED_CONF_APP_FLASH_START_ADDRESS + MBED_CONF_APP_FLASH_SIZE - 2*(4*1024))",
            "nvstore.area_1_size"              : "(4*1024)",
            "nvstore.area_2_address"           : "(MBED_CONF_APP_FLASH_START_ADDRESS + MBED_CONF_APP_FLASH_SIZE - 1*(4*1024))",
            "nvstore.area_2_size"              : "(4*1024)",
            "update-client.storage-address"    : "(64*1024*1024)",
            "update-client.storage-size"       : "(2*1024*1024)",
            "update-client.storage-locations"  : 1,
            "update-client.firmware-header-version": "2",
            "update-client.application-details": "(MBED_CONF_APP_FLASH_START_ADDRESS + 64*1024)",
            "application-start-address"        : "(MBED_CONF_APP_FLASH_START_ADDRESS + 65*1024)",
            "max-application-size"             : "DEFAULT_MAX_APPLICATION_SIZE"
        },
        "NUMAKER_IOT_M487": {
            "drivers.uart-serial-rxbuf-size"   : 1024,
            "drivers.uart-serial-txbuf-size"   : 1024,
            "flash-start-address"              : "0x0",
            "flash-size"                       : "(512*1024)",
            "nvstore.area_1_address"           : "(MBED_CONF_APP_FLASH_START_ADDRESS + MBED_CONF_APP_FLASH_SIZE - 2*(4*1024))",
            "nvstore.area_1_size"              : "(4*1024)",
            "nvstore.area_2_address"           : "(MBED_CONF_APP_FLASH_START_ADDRESS + MBED_CONF_APP_FLASH_SIZE - 1*(4*1024))",
            "nvstore.area_2_size"              : "(4*1024)",
            "update-client.storage-address"    : "(64*1024*1024)",
            "update-client.storage-size"       : "(2*1024*1024)",
            "update-client.storage-locations"  : 1,
            "update-client.firmware-header-version": "2",
            "update-client.application-details": "(MBED_CONF_APP_FLASH_START_ADDRESS + 64*1024)",
            "application-start-address"        : "(MBED_CONF_APP_FLASH_START_ADDRESS + 65*1024)",
            "max-application-size"             : "DEFAULT_MAX_APPLICATION_SIZE"
        },
       "GR_LYCHEE": {
            "target.components_add"            : ["SD"],
            "sd.SPI_MOSI"                      : "P5_6",
            "sd.SPI_MISO"                      : "P5_7",
            "sd.SPI_CLK"                       : "P5_4",
            "sd.SPI_CS"                        : "P5_5",
            "flash-start-address"              : "0x18000000",
            "flash-size"                       : "(8*1024*1024)",
            "nvstore.area_1_address"           : "(MBED_CONF_APP_FLASH_START_ADDRESS + MBED_CONF_APP_FLASH_SIZE - 2*(4*1024))",
            "nvstore.area_1_size"              : "(4*1024)",
            "nvstore.area_2_address"           : "(MBED_CONF_APP_FLASH_START_ADDRESS + MBED_CONF_APP_FLASH_SIZE - 1*(4*1024))",
            "nvstore.area_2_size"              : "(4*1024)",
            "update-client.storage-address"    : "(64*1024*1024)",
            "update-client.storage-size"       : "(2*1024*1024)",
            "update-client.storage-locations"  : 1,
            "update-client.firmware-header-version": "2",
            "update-client.application-details": "(MBED_CONF_APP_FLASH_START_ADDRESS + 64*1024)",
            "application-start-address"        : "(MBED_CONF_APP_FLASH_START_ADDRESS + 65*1024)",
            "max-application-size"             : "DEFAULT_MAX_APPLICATION_SIZE"
        },
        "RZ_A1H": {
            "target.components_add"            : ["SD"],
            "sd.SPI_MOSI"                      : "P8_5",
            "sd.SPI_MISO"                      : "P8_6",
            "sd.SPI_CLK"                       : "P8_3",
            "sd.SPI_CS"                        : "P8_4",
            "flash-start-address"              : "0x18000000",
            "flash-size"                       : "(8*1024*1024)",
            "nvstore.area_1_address"           : "(MBED_CONF_APP_FLASH_START_ADDRESS + MBED_CONF_APP_FLASH_SIZE - 2*(4*1024))",
            "nvstore.area_1_size"              : "(4*1024)",
            "nvstore.area_2_address"           : "(MBED_CONF_APP_FLASH_START_ADDRESS + MBED_CONF_APP_FLASH_SIZE - 1*(4*1024))",
            "nvstore.area_2_size"              : "(4*1024)",
            "update-client.application-details": "(MBED_CONF_APP_FLASH_START_ADDRESS+64*1024)",
            "application-start-address"        : "(MBED_CONF_APP_FLASH_START_ADDRESS+65*1024)",
            "max-application-size"             : "DEFAULT_MAX_APPLICATION_SIZE"
        },
        "UBLOX_EVK_ODIN_W2": {
            "target.components_add"            : ["SD"],
            "target.device_has_remove"         : ["EMAC"],
            "flash-start-address"              : "0x08000000",
            "flash-size"                       : "(2048*1024)",
            "nvstore.area_1_address"           : "(MBED_CONF_APP_FLASH_START_ADDRESS + MBED_CONF_APP_FLASH_SIZE - 2*(128*1024))",
            "nvstore.area_1_size"              : "(128*1024)",
            "nvstore.area_2_address"           : "(MBED_CONF_APP_FLASH_START_ADDRESS + MBED_CONF_APP_FLASH_SIZE - 1*(128*1024))",
            "nvstore.area_2_size"              : "(128*1024)",
            "update-client.storage-address"    : "(64*1024*1024)",
            "update-client.storage-size"       : "(2*1024*1024)",
            "update-client.storage-locations"  : 1,
            "update-client.firmware-header-version": "2",
            "update-client.application-details": "(MBED_CONF_APP_FLASH_START_ADDRESS + 64*1024)",
            "application-start-address"        : "(MBED_CONF_APP_FLASH_START_ADDRESS + 65*1024)",
            "max-application-size"             : "DEFAULT_MAX_APPLICATION_SIZE"
        },
        "UBLOX_C030_U201": {
            "target.components_add"            : ["SD"],
            "flash-start-address"              : "0x08000000",
            "flash-size"                       : "(1024*1024)",
            "nvstore.area_1_address"           : "(MBED_CONF_APP_FLASH_START_ADDRESS + MBED_CONF_APP_FLASH_SIZE - 2*(128*1024))",
            "nvstore.area_1_size"              : "(128*1024)",
            "nvstore.area_2_address"           : "(MBED_CONF_APP_FLASH_START_ADDRESS + MBED_CONF_APP_FLASH_SIZE - 1*(128*1024))",
            "nvstore.area_2_size"              : "(128*1024)",
            "update-client.storage-address"    : "(64*1024*1024)",
            "update-client.storage-size"       : "(2*1024*1024)",
            "update-client.storage-locations"  : 1,
            "update-client.firmware-header-version": "2",
            "update-client.application-details": "(MBED_CONF_APP_FLASH_START_ADDRESS + 64*1024)",
            "application-start-address"        : "(MBED_CONF_APP_FLASH_START_ADDRESS + 65*1024)",
            "max-application-size"             : "DEFAULT_MAX_APPLICATION_SIZE"
        },
        "SDT64B": {
            "target.components_add"            : ["SD"],
            "sd.SPI_MOSI"                      : "PTB16",
            "sd.SPI_MISO"                      : "PTB17",
            "sd.SPI_CLK"                       : "PTB11",
            "sd.SPI_CS"                        : "PTB10",
            "flash-start-address"              : "0x0",
            "flash-size"                       : "(1024*1024)",
            "nvstore.area_1_address"           : "(MBED_CONF_APP_FLASH_START_ADDRESS + MBED_CONF_APP_FLASH_SIZE - 2*(4*1024))",
            "nvstore.area_1_size"              : "(4*1024)",
            "nvstore.area_2_address"           : "(MBED_CONF_APP_FLASH_START_ADDRESS + MBED_CONF_APP_FLASH_SIZE - 1*(4*1024))",
            "nvstore.area_2_size"              : "(4*1024)",
            "update-client.storage-address"    : "(64*1024*1024)",
            "update-client.storage-size"       : "(2*1024*1024)",
            "update-client.storage-locations"  : 1,
            "update-client.firmware-header-version": "2",
            "update-client.application-details": "(MBED_CONF_APP_FLASH_START_ADDRESS + 64*1024)",
            "application-start-address"        : "(MBED_CONF_APP_FLASH_START_ADDRESS + 65*1024)",
            "max-application-size"             : "DEFAULT_MAX_APPLICATION_SIZE"
        },
        "MTB_MXCHIP_EMW3166": {
            "target.extra_labels_remove"       : ["WICED"],
            "target.components_add"            : ["SPIF"],
            "spif-driver.SPI_MOSI"             : "PB_15",
            "spif-driver.SPI_MISO"             : "PB_14",
            "spif-driver.SPI_CLK"              : "PB_13",
            "spif-driver.SPI_CS"               : "PA_10",
            "flash-start-address"              : "0x08000000",
            "flash-size"                       : "(1024*1024)",
            "nvstore.area_1_address"           : "(MBED_CONF_APP_FLASH_START_ADDRESS + 48*1024)",
            "nvstore.area_1_size"              : "(16*1024)",
            "nvstore.area_2_address"           : "(MBED_CONF_APP_FLASH_START_ADDRESS + 64*1024)",
            "nvstore.area_2_size"              : "(16*1024)",
            "update-client.storage-address"    : "(2*1024*1024)",
            "update-client.storage-size"       : "(1*1024*1024)",
            "update-client.storage-locations"  : 1,
            "update-client.firmware-header-version": "2",
            "update-client.application-details": "(MBED_CONF_APP_FLASH_START_ADDRESS + 128*1024)",
            "application-start-address"        : "(MBED_CONF_APP_FLASH_START_ADDRESS + 129*1024)",
            "max-application-size"             : "(MBED_CONF_APP_FLASH_START_ADDRESS + MBED_CONF_APP_FLASH_SIZE - MBED_CONF_APP_APPLICATION_START_ADDRESS)"

        },
        "MTB_USI_WM_BN_BM_22": {
            "target.extra_labels_remove"       : ["WICED"],
            "target.components_add"            : ["SPIF"],
            "spif-driver.SPI_MOSI"             : "PC_3",
            "spif-driver.SPI_MISO"             : "PC_2",
            "spif-driver.SPI_CLK"              : "PB_13",
            "spif-driver.SPI_CS"               : "PA_6",
            "flash-start-address"              : "0x08000000",
            "flash-size"                       : "(1024*1024)",
            "nvstore.area_1_address"           : "(MBED_CONF_APP_FLASH_START_ADDRESS + 48*1024)",
            "nvstore.area_1_size"              : "(16*1024)",
            "nvstore.area_2_address"           : "(MBED_CONF_APP_FLASH_START_ADDRESS + 64*1024)",
            "nvstore.area_2_size"              : "(16*1024)",
            "update-client.storage-address"    : "(2*1024*1024)",
            "update-client.storage-size"       : "(1*1024*1024)",
            "update-client.storage-locations"  : 1,
            "update-client.firmware-header-version": "2",
            "update-client.application-details": "(MBED_CONF_APP_FLASH_START_ADDRESS + 128*1024)",
            "application-start-address"        : "(MBED_CONF_APP_FLASH_START_ADDRESS + 129*1024)",
            "max-application-size"             : "(MBED_CONF_APP_FLASH_START_ADDRESS + MBED_CONF_APP_FLASH_SIZE - MBED_CONF_APP_APPLICATION_START_ADDRESS)"
        },
        "MTB_ADV_WISE_1570": {
            "target.components_add"            : ["SPIF"],
            "target.OUTPUT_EXT"                 : "bin",
            "spif-driver.SPI_FREQ"             : 20000000,
            "flash-start-address"              : "0x08000000",
            "flash-size"                       : "(1024*1024)",
            "nvstore.area_1_address"           : "(MBED_CONF_APP_FLASH_START_ADDRESS + MBED_CONF_APP_FLASH_SIZE - 2*(4*1024))",
            "nvstore.area_1_size"              : "(4*1024)",
            "nvstore.area_2_address"           : "(MBED_CONF_APP_FLASH_START_ADDRESS + MBED_CONF_APP_FLASH_SIZE - 1*(4*1024))",
            "nvstore.area_2_size"              : "(4*1024)",
            "update-client.storage-address"    : "(2*1024*1024)",
            "update-client.storage-size"       : "(1*1024*1024)",
            "update-client.storage-page"       : 1,
            "update-client.storage-locations"  : 1,
            "update-client.firmware-header-version": "2",
            "update-client.application-details": "(MBED_CONF_APP_FLASH_START_ADDRESS + 32*1024)",
            "application-start-address"        : "(MBED_CONF_APP_FLASH_START_ADDRESS + 33*1024)",
            "max-application-size"             : "(MBED_CONF_APP_FLASH_START_ADDRESS + MBED_CONF_APP_FLASH_SIZE - MBED_CONF_APP_APPLICATION_START_ADDRESS)"
        },
        "EFM32GG11_STK3701": {
            "target.components_add"            : ["QSPIF"],
            "qspif.QSPI_FREQ"                  : 10000000,
            "flash-start-address"              : "0x00000000",
            "flash-size"                       : "(2048*1024)",
            "nvstore.area_1_address"           : "(MBED_CONF_APP_FLASH_START_ADDRESS + MBED_CONF_APP_FLASH_SIZE - 2*(4*1024))",
            "nvstore.area_1_size"              : "(4*1024)",
            "nvstore.area_2_address"           : "(MBED_CONF_APP_FLASH_START_ADDRESS + MBED_CONF_APP_FLASH_SIZE - 1*(4*1024))",
            "nvstore.area_2_size"              : "(4*1024)",
            "update-client.storage-address"    : "(2*1024*1024)",
            "update-client.storage-size"       : "(2*1024*1024)",
            "update-client.storage-locations"  : 1,
            "update-client.firmware-header-version": "2",
            "update-client.application-details": "(MBED_CONF_APP_FLASH_START_ADDRESS + 64*1024)",
            "application-start-address"        : "(MBED_CONF_APP_FLASH_START_ADDRESS + 65*1024)",
            "max-application-size"             : "DEFAULT_MAX_APPLICATION_SIZE"
        },
        "TB_SENSE_12": {
            "target.components_add"            : ["SPIF"],
            "spif-driver.SPI_MOSI"             : "PK0",
            "spif-driver.SPI_MISO"             : "PK2",
            "spif-driver.SPI_CLK"              : "PF7",
            "spif-driver.SPI_CS"               : "PK1",
            "spif-driver.SPI_FREQ"             : "5000000",
            "flash-start-address"              : "0x00000000",
            "flash-size"                       : "(1024*1024)",
            "nvstore.area_1_address"           : "(MBED_CONF_APP_FLASH_START_ADDRESS + MBED_CONF_APP_FLASH_SIZE - 2*(4*1024))",
            "nvstore.area_1_size"              : "(4*1024)",
            "nvstore.area_2_address"           : "(MBED_CONF_APP_FLASH_START_ADDRESS + MBED_CONF_APP_FLASH_SIZE - 1*(4*1024))",
            "nvstore.area_2_size"              : "(4*1024)",
            "update-client.storage-address"    : "(256*1024)",
            "update-client.storage-size"       : "(768*1024)",
            "update-client.storage-locations"  : "(1)",
            "update-client.application-details": "(MBED_CONF_APP_FLASH_START_ADDRESS + 64*1024)",
            "application-start-address"        : "(MBED_CONF_APP_FLASH_START_ADDRESS + 65*1024)",
            "max-application-size"             : "DEFAULT_MAX_APPLICATION_SIZE"
        },
        "MTB_ADV_WISE_1530": {
            "target.extra_labels_remove"       : ["WICED"],
            "target.components_add"            : ["SPIF"],
            "spif-driver.SPI_MOSI"             : "PC_3",
            "spif-driver.SPI_MISO"             : "PC_2",
            "spif-driver.SPI_CLK"              : "PB_13",
            "spif-driver.SPI_CS"               : "PC_12",
            "flash-start-address"              : "0x08000000",
            "flash-size"                       : "(1024*1024)",
            "nvstore.area_1_address"           : "(MBED_CONF_APP_FLASH_START_ADDRESS + 48*1024)",
            "nvstore.area_1_size"              : "(16*1024)",
            "nvstore.area_2_address"           : "(MBED_CONF_APP_FLASH_START_ADDRESS + 64*1024)",
            "nvstore.area_2_size"              : "(16*1024)",
            "update-client.storage-address"    : "(2*1024*1024)",
            "update-client.storage-size"       : "(1*1024*1024)",
            "update-client.storage-locations"  : 1,
            "update-client.firmware-header-version": "2",
            "update-client.application-details": "(MBED_CONF_APP_FLASH_START_ADDRESS + 128*1024)",
            "application-start-address"        : "(MBED_CONF_APP_FLASH_START_ADDRESS + 129*1024)",
            "max-application-size"             : "(MBED_CONF_APP_FLASH_START_ADDRESS + MBED_CONF_APP_FLASH_SIZE - MBED_CONF_APP_APPLICATION_START_ADDRESS)"
        }
    }
}
